fish_id,year,station,length,sex,gut_length,SP1,SP2,PS,plates,grn,grg,grl2,grl3
BK100002,2010,44,53,NA,NA,2.443,2.566,5.403,3,13,0.217,1.140667,1.304333
BK100003,2010,44,59,NA,NA,4.038,3.946,6.94,5,14,0.2276667,1.516667,1.508
BK100004,2010,41,56,m,22,3.848,3.567,6.03,4,15,0.159,1.087333,1.270333
BK100006,2010,44,56,NA,NA,3.501,3.963,5.293,7,9,0.1803333,1.446,1.467
BK100007,2010,44,46,NA,NA,2.34,2.639,4.858,5,15,0.1576667,1.08,1.089
BK100010,2010,44,39,NA,NA,3.036,3.025,4.528,4,15,0.172,0.802,0.8383333
BK100011,2010,44,64,NA,NA,3.851,3.843,6.137,7,13,0.2586667,1.643333,1.685
BK100012,2010,44,65,NA,NA,4.226,4.792,7.454,6,13,0.285,1.167,1.319333
BK100015,2010,44,44,NA,NA,2.998,3.107,5.699,5,15,0.151,0.8443333,0.8176667
BK100016,2010,44,40,NA,NA,2.666,2.49,4.327,5,14,0.185,0.8566667,0.9073333
BK100018,2010,44,38,NA,NA,2.564,2.743,4.058,5,12,0.174,0.7163333,0.823
BK100020,2010,44,60,NA,NA,3.932,4.034,6.675,5,14,0.272,1.336,1.375
BK100021,2010,44,54,NA,NA,3.188,3.278,5.401,6,14,0.244,1.567333,1.456333
BK100026,2010,44,52,NA,NA,3.049,3.364,5.198,4,13,0.216,1.148333,1.195667
BK100027,2010,44,52,NA,NA,2.818,3.101,5.113,4,13,0.182,1.208333,1.151333
BK100029,2010,44,59,NA,NA,3.071,3.512,6.673,5,14,0.235,1.149667,1.271333
BK100031,2010,44,50,NA,NA,2.99,3.648,5.406,5,14,0.2323333,0.988,0.986
BK100032,2010,44,61,NA,NA,3.252,3.515,6.004,5,13,0.348,1.368,1.327
BK100034,2010,44,40,NA,NA,2.334,2.488,4.299,5,13,0.2113333,1.131667,0.973
BK100036,2010,44,58,NA,NA,3.443,3.999,6.387,4,13,0.2476667,1.466333,1.583333
BK100038,2010,41,57,f,35,3.367,3.253,5.17,4,12,0.3043333,1.038,1.022667
BK100039,2010,41,44,f,29,3.371,3.455,5.427,5,13,0.175,0.9486667,0.8366667
BK100066,2010,128,45,m,22,2.851,3.042,3.461,4,13,0.1723333,0.8466667,0.8396667
BK100068,2010,128,45,m,27,3.463,3.833,4.834,6,14,0.2103333,1.034333,0.9466667
BK100074,2010,128,50,f,24,2.896,2.955,3.889,5,13,0.208,0.9036667,0.8866667
BK100082,2010,128,54,m,27,3.423,3.07,5.548,5,NA,NA,NA,NA
BK100087,2010,128,72,f,41,4.072,4.483,6.068,4,14,0.313,1.497333,1.485667
BK100089,2010,128,59,f,33,3.597,3.886,5.606,5,13,0.2176667,1.221333,1.180333
BK100098,2010,128,62,m,29,2.874,3.397,4.864,6,15,0.229,1.253333,1.218
BK100099,2010,128,66,f,44,4.248,4.591,6.889,6,13,0.3623333,1.107,1.102667
BK100120,2010,128,39,f,19,2.519,2.793,4.102,6,14,0.212,0.905,0.8533333
BK100134,2010,128,49,f,27,3.119,3.291,4.428,6,14,0.2223333,1.09,1.102
BK100135,2010,128,50,f,26,3.601,4.135,4.393,7,15,0.238,0.7966667,0.8356667
BK100156,2010,128,51,f,29,3.248,3.507,2.935,6,13,0.1873333,1.085333,1.248
BK100158,2010,128,52,f,24,3.192,3.182,5.267,6,13,0.245,1.109333,0.9966667
BK100158,2010,128,52,f,28,3.192,3.182,5.267,6,13,0.245,1.109333,0.9966667
BK100158,2010,128,52,f,28,3.192,3.182,5.267,6,13,0.245,1.109333,0.9966667
BK100158,2010,128,52,f,24,3.192,3.182,5.267,6,13,0.245,1.109333,0.9966667
BK100163,2010,128,63,m,31,3.733,4.161,5.856,5,13,0.2076667,1.299333,1.415333
BK100165,2010,128,59,f,33,3.052,3.75,6.084,6,14,0.231,1.201,1.368
BK100170,2010,128,36,f,17,2.367,2.58,3.24,4,NA,NA,NA,NA
BK100175,2010,128,36,f,17,1.853,2.112,3.047,4,NA,NA,NA,NA
BK100209,2010,124,59,f,44,3.422,4.168,6.086,6,NA,NA,NA,NA
BK100222,2010,124,50,f,29,3.404,3.669,4.693,6,14,0.1816667,0.965,1.098333
BK100246,2010,124,37,f,21,2.649,3.036,3.313,5,15,0.1353333,0.76,0.9263333
BK100260,2010,124,36,m,12,2.401,2.518,4.266,4,NA,NA,NA,NA
BK100267,2010,124,35,m,20,2.635,2.796,4.827,4,15,0.143,0.6963333,0.7066667
BK100268,2010,124,39,f,20,2.539,2.851,3.843,6,NA,NA,NA,NA
BK100284,2010,124,58,m,34,2.376,3.004,3.853,5,15,0.1933333,1.108333,1.125
BK100293,2010,124,65,f,35,3.946,4.433,5.961,5,13,0.2563333,1.159333,1.194333
BK100295,2010,124,63,m,36,3.328,3.544,3.854,6,NA,NA,NA,NA
BK100313,2010,124,62,f,43,3.281,3.585,5.728,4,15,0.19,1.156333,1.187667
BK100322,2010,124,66,f,35,3.781,3.972,5.939,5,13,0.2496667,1.148667,1.161667
BK100327,2010,124,58,f,40,3.054,3.296,4.45,6,NA,NA,NA,NA
BK100335,2010,124,55,f,31,3.263,3.154,5.632,5,14,0.216,1.054333,1.038667
BK100339,2010,124,50,f,28,3.521,3.761,5.723,4,NA,NA,NA,NA
BK100525,2010,27,43,NA,NA,2.478,2.636,3.799,5,13,0.2653333,0.973,1.133667
BK100526,2010,27,70,NA,NA,3.817,4.184,6.653,5,15,0.2676667,1.126,1.302
BK100529,2010,27,46,NA,NA,2.89,3.179,5.715,4,13,0.1796667,0.8863333,0.895
BK100529,2010,27,46,NA,NA,2.749,3.24,5.737,4,13,0.1796667,0.8863333,0.895
BK100530,2010,27,53,NA,NA,2.909,2.978,5.091,5,14,0.1813333,1.020333,1.232333
BK100531,2010,27,51,NA,NA,3.006,3.413,5.185,6,13,0.211,1.018667,1.08
BK100533,2010,27,55,NA,NA,3.049,3.401,5.419,5,10,0.1846667,1.026333,1.208333
BK100534,2010,27,60,NA,NA,3.323,3.56,5.797,5,14,0.1856667,1.454333,1.486
BK100536,2010,27,45,NA,NA,3.002,2.984,4.491,6,11,0.171,0.94,0.9876667
BK100538,2010,27,46,NA,NA,2.267,2.527,4.067,4,14,0.1956667,0.9733333,0.959
BK100542,2010,27,58,NA,NA,3.988,4.331,5.92,4,14,0.2046667,1.417333,1.447
BK100543,2010,27,57,NA,NA,3.538,3.666,6.003,4,13,0.1796667,1.198333,1.169667
BK100544,2010,27,55,NA,NA,3.748,4.085,5.714,4,13,0.1613333,1.009333,1.061333
BK100545,2010,27,44,NA,NA,2.597,2.862,4.806,4,NA,NA,NA,NA
BK100546,2010,23,47,NA,NA,2.905,3.061,5.861,5,NA,NA,NA,NA
BK100559,2010,23,37,NA,NA,2.027,2.13,4.396,5,13,0.1416667,0.821,0.829
BK100567,2010,23,61,NA,NA,3.37,3.633,6.931,5,12,0.243,1.436667,1.323
BK100571,2010,23,44,NA,NA,2.425,2.315,3.911,5,12,0.1956667,0.9126667,0.912
BK100572,2010,23,39,NA,NA,2.821,2.989,4.163,6,13,0.1496667,0.967,0.9413333
BK100573,2010,23,50,NA,NA,2.727,3.076,5.189,4,NA,NA,NA,NA
BK100574,2010,23,51,NA,NA,3.713,3.729,5.911,5,15,0.1763333,1.06,1.010333
BK100587,2010,23,37,NA,NA,2.705,2.752,4.499,6,13,0.1226667,0.834,0.8866667
BK100588,2010,23,50,NA,NA,1.999,2.468,4.577,6,9,0.149,1.032667,1.030667
BK100589,2010,23,54,NA,NA,2.812,3.047,5.355,5,14,0.2006667,1.620667,1.499667
BK100593,2010,23,37,NA,NA,2.441,2.636,3.827,5,13,0.1696667,1.162333,1.246667
BK100594,2010,23,64,NA,NA,3.675,3.861,6.549,5,12,0.2226667,1.361667,1.333
BK100596,2010,23,44,NA,NA,2.59,2.792,4.877,4,14,0.1486667,0.998,0.9616667
BK100597,2010,23,44,NA,NA,2.38,2.531,4.168,5,13,0.1873333,0.9746667,0.9323333
BK100610,2010,HS2,47,NA,NA,2.743,2.919,5.974,4,13,0.2386667,1.019333,1.07
BK100617,2010,HS2,57,NA,NA,2.927,2.991,5.142,4,10,0.1893333,0.725,0.724
BK100637,2010,HS2,49,NA,NA,3.036,3.467,5.27,4,14,0.2483333,1.208,1.106667
BK100650,2010,HS2,42,NA,NA,2.963,3.281,4.955,4,13,0.1753333,0.8773333,0.8443333
BK100652,2010,HS2,40,NA,NA,2.569,3.013,4.359,4,NA,NA,NA,NA
BK100654,2010,HS2,40,NA,NA,2.547,2.893,4.237,6,13,0.18,0.603,0.738
BK100659,2010,HS2,47,NA,NA,3.237,3.382,5.726,5,15,0.165,0.8946667,1.034333
BK100673,2010,HS2,49,NA,NA,3.429,3.718,5.256,5,14,0.2283333,0.854,0.887
BK100677,2010,HS2,46,NA,NA,3.224,3.397,5.209,5,14,0.208,0.961,1.085
BK100682,2010,HS2,45,NA,NA,3.599,3.912,5.644,6,13,0.232,1.011667,0.9916667
BK100683,2010,HS2,48,NA,NA,3.353,3.773,5.041,6,13,0.1723333,1.251333,1.221333
BK100692,2010,HS2,43,NA,NA,2.256,2.516,4.116,4,15,0.1456667,0.7066667,0.8726667
BK100745,2010,HS2,40,NA,NA,3.248,3.333,4.911,5,11,0.2136667,0.7523333,0.8553333
BK100746,2010,HS2,45,NA,NA,2.887,3.177,4.377,4,14,0.212,1.020333,1.046333
BK100748,2010,HS2,44,NA,NA,2.36,3.571,4.909,6,9,0.2306667,0.6743333,0.563
BK100749,2010,HS2,50,NA,NA,2.816,2.93,4.624,6,14,0.17,0.878,0.8903333
BK100750,2010,HS2,41,NA,NA,3.123,3.61,5.368,4,13,0.166,0.9546667,0.8553333
BK100751,2010,HS2,41,NA,NA,2.867,2.937,4.749,5,14,0.161,0.7316667,0.8033333
BK100752,2010,GS,58,f,28,3.011,3.025,5.284,5,16,0.186,1.173667,1.215333
BK100754,2010,GS,65,m,34,3.447,3.797,4.68,4,14,0.1996667,1.242667,1.249
BK100755,2010,GS,55,m,24,3.159,3.111,5.12,6,16,0.1546667,1.254333,1.416
BK100759,2010,GS,51,m,30,2.685,3.429,4.914,6,14,0.1863333,1.156667,1.167667
BK100760,2010,GS,35,f,37,NA,NA,NA,NA,NA,NA,NA,NA
BK100762,2010,GS,58,f,34,3.449,4.656,5.646,5,14,0.203,1.414,1.446667
BK100763,2010,GS,59,m,30,3.401,3.908,6.088,6,14,0.2356667,1.305333,1.415
BK100764,2010,GS,60,NA,NA,3.422,4.04,6.224,6,14,0.2053333,1.176333,1.214
BK100765,2010,GS,53,f,30,3.788,3.317,5.3,4,14,0.299,1.233333,1.185
BK100769,2010,GS,74,f,55,3.989,4.417,7.391,5,14,0.2286667,1.539333,1.520667
BK100770,2010,GS,57,f,35,3.198,3.568,6.414,4,NA,NA,NA,NA
BK100775,2010,GS,68,f,45,3.719,3.699,7.016,5,15,0.2176667,1.258333,1.362
BK100776,2010,GS,52,f,30,3.122,2.919,5.444,5,12,0.2486667,0.9946667,1.070667
BK100780,2010,GS,64,NA,NA,3.371,3.894,4.857,4,14,0.194,1.126667,1.050667
BK100781,2010,GS,60,f,37,3.268,3.44,6.06,4,14,0.2383333,1.358667,1.321333
BK100783,2010,GS,59,f,34,3.529,3.945,5.769,6,12,0.2163333,1.331,1.250333
BK100784,2010,GS,44,m,16,3.398,3.546,4.626,5,8,0.2013333,1.163667,1.253
BK100785,2010,GS,61,f,33,3.494,3.858,5.989,6,14,0.209,1.054,1.057
BK100793,2010,GS,38,f,17,2.258,2.309,3.665,4,NA,NA,NA,NA
BK100799,2010,GS,76,f,40,4.315,4.615,7.055,6,13,0.3006667,1.158667,1.205667
BK100830,2010,135,60,f,29,2.939,3.48,5.973,4,13,0.2833333,1.113667,1.154333
BK100831,2010,135,43,m,22,2.42,2.438,3.037,4,10,0.1293333,1.014,1.082667
BK100832,2010,135,39,m,18,3.004,2.869,4.035,5,13,0.127,1.019,0.9066667
BK100833,2010,135,63,f,38,4.137,3.987,5.673,5,NA,NA,NA,NA
BK100835,2010,135,61,f,35,3.311,3.187,6.459,6,12,0.232,1.219333,1.238333
BK100840,2010,135,60,f,40,4.107,4.282,7.45,4,8,0.2366667,1.478667,1.422667
BK100846,2010,135,60,m,29,3.355,3.656,5.515,5,14,0.209,1.306667,1.269667
BK100914,2010,DN,72,m,45,4.907,5.136,7.283,7,15,0.2143333,1.673,1.406667
BK100933,2010,DN,47,f,23,2.216,2.136,3.389,5,14,0.1996667,1.003667,0.9266667
BK100963,2010,DN,57,m,28,3.882,4.233,5.233,4,NA,NA,NA,NA
BK101008,2010,124,68,f,45,4.7,4.982,6.563,6,NA,NA,NA,NA
BK101011,2010,124,68,m,40,3.218,3.958,6.976,6,13,0.1903333,1.396,1.447667
BK101015,2010,124,51,f,29,2.769,3.193,4.634,4,NA,NA,NA,NA
BK101016,2010,124,69,f,45,4.124,5.269,7.408,6,14,0.2293333,1.223333,1.344667
BK101017,2010,124,61,f,43,3.475,3.791,5.776,5,13,0.2273333,1.522667,1.467
BK101018,2010,124,55,f,33,3.326,3.689,4.918,5,14,0.174,0.7163333,0.823
BK101025,2010,DN,49,f,24,3.489,3.692,4.714,6,14,0.1926667,0.9346667,0.996
BK101027,2010,DN,64,m,35,4.169,4.348,4.738,5,NA,NA,NA,NA
BK101030,2010,DN,58,f,32,3.4,3.707,6.178,6,14,0.1986667,1.073,1.047333
BK101046,2010,DN,52,m,24,3.307,3.546,4.437,6,13,0.2156667,1.063667,1.079667
BK101050,2010,DN,52,f,29,3.437,3.166,4.2,7,NA,NA,NA,NA
BK101075,2010,DN,45,m,21,3.267,3.378,5.08,5,14,0.1866667,0.9626667,0.977
BK101081,2010,DN,37,NA,15,2.287,2.483,4.04,5,NA,NA,NA,NA
BK101089,2010,DN,55,f,30,3.404,3.647,4.075,5,NA,NA,NA,NA
BK101091,2010,DN,54,f,29,3.13,3.489,6.073,6,NA,NA,NA,NA
BK101097,2010,DN,63,f,40,3.385,3.694,6.576,4,14,0.2006667,1.226667,1.210333
BK101099,2010,DN,49,f,15,2.506,2.778,4.877,4,13,0.2003333,0.9376667,0.9853333
BK101117,2010,DN,54,f,30,3.302,3.535,5.638,7,NA,NA,NA,NA
BK101130,2010,DN,47,NA,19,2.486,3.289,4.55,6,13,0.162,1.076667,1.077667
BK101142,2010,DN,50,f,27,3.07,3.216,4.706,4,15,0.1976667,0.994,0.916
BK101147,2010,DN,56,f,37,3.624,4.109,5.205,5,13,0.2306667,1.106,1.260667
BK101157,2010,DN,63,f,27,4.044,4.087,6.037,6,14,0.2116667,1.199667,1.134333
BK101169,2010,DN,57,f,38,3.705,3.973,6.454,4,14,0.165,1.081333,1.277333
BK101179,2010,135,61,f,36,3.747,4.02,4.887,5,NA,NA,NA,NA
BK101194,2010,135,70,f,57,4.213,4.694,4.536,4,14,0.2586667,1.098667,1.234667
BK101198,2010,135,62,f,42,3.507,3.701,5.469,5,15,0.2716667,1.088333,1.188667
BK101199,2010,135,62,f,40,3.235,3.618,6.667,6,14,0.2403333,1.125,1.177
BK101200,2010,135,64,f,39,3.837,3.986,6.031,6,13,0.225,0.9346667,1.012333
BK101201,2010,135,62,f,37,3.632,3.745,6.321,5,NA,NA,NA,NA
BK101202,2010,135,58,f,41,3.619,4.263,5.527,5,12,0.2793333,1.138333,1.107
BK101203,2010,135,61,f,43,3.822,4.183,6.346,7,15,0.2166667,1.081333,1.172667
BK101206,2010,135,64,f,44,4.326,4.556,5.349,6,14,0.212,1.457333,1.427
BK101212,2010,135,57,m,27,3.141,3.627,4.725,6,15,0.1796667,1.348,1.398667
BK101213,2010,135,64,f,41,3.605,3.848,6.082,5,NA,NA,NA,NA
BK101215,2010,135,52,f,30,2.802,2.865,4.256,6,13,0.1673333,1.072667,1.046333
BK101363,2010,128,70,f,41,3.522,3.956,5.84,5,13,0.306,1.072667,1.055333
BK101364,2010,128,52,m,25,3.011,3.044,4.921,7,14,0.1796667,1.151667,1.147667
BK120001,2012,23,62,NA,NA,3.51,3.549,6.465,3,20,0.175,0.873,0.934
BK120002,2012,23,55,NA,NA,2.722,2.923,5.16,5,19,0.183,0.86,1.111
BK120003,2012,23,48,NA,NA,2.18,2.456,4.666,5,20,0.168,0.928,0.955
BK120004,2012,23,54,NA,NA,2.806,2.954,4.055,5,21,0.171,1.067,1.138
BK120005,2012,23,52,NA,NA,2.796,3,5.148,4,20,0.168,0.927,0.941
BK120006,2012,23,48,NA,NA,2.32,2.596,4.933,3,19,0.198,1.088,1.054
BK120010,2012,23,55,NA,NA,2.949,2.839,5.683,6,22,0.187,1.101,1.31
BK120017,2012,23,59,NA,NA,3.2,3.494,6.021,5,21,0.165,1.079,1.113
BK120024,2012,41,36,m,18,2.691,2.723,3.129,4,12,0.1116667,0.744,0.7946667
BK120029,2012,27,56,NA,NA,3.25,3.262,6.218,6,21,0.144,0.824,0.957
BK120035,2012,27,80,NA,NA,4.224,4.428,6.555,5,20,0.228,1.14,1.301
BK120036,2012,27,64,NA,NA,3.552,3.976,5.627,4,21,0.167,0.933,0.867
BK120037,2012,27,60,NA,NA,3.647,3.892,5.406,5,20,0.194,1.126,1.246
BK120038,2012,27,63,NA,NA,3.929,4.009,6.436,6,22,0.265,1.511,1.233
BK120042,2012,27,54,NA,NA,3.128,3.434,6.156,6,18,0.224,1.085,1.106
BK120045,2012,27,55,NA,NA,3.601,4.007,6.188,5,12,0.1913333,1.427667,1.367
BK120047,2012,44,51,m,30,3.243,3.521,5.42,6,14,0.1756667,1.173667,1.251333
BK120050,2012,44,45,f,22,2.488,2.641,4.272,6,14,0.21,1.039667,1.077
BK120051,2012,44,40,m,22,2.562,2.875,4.66,4,12,0.1283333,1.023667,1.065667
BK120062,2012,44,63,f,45,4.387,4.42,NA,5,14,0.1876667,1.470667,1.305333
BK120069,2012,27,36,f,15,2.32,2.254,3.658,6,14,0.1103333,0.693,0.731
BK120071,2012,27,47,NA,NA,2.478,3.165,4.789,6,13,0.1733333,0.9923333,0.9556667
BK120091,2012,27,62,NA,NA,4.115,4.335,6.752,6,21,0.179,1.13,1.275
BK120098,2012,27,64,NA,NA,3.628,4.072,6.327,6,14,0.195,1.299333,1.318667
BK120110,2012,27,53,NA,NA,2.801,2.829,4.479,6,19,0.158,0.808,0.918
BK120112,2012,23,65,NA,NA,3.192,3.286,6.411,7,22,0.186,1.1,1.372
BK120113,2012,23,61,NA,NA,2.723,2.895,4.412,5,19,0.245,1.198,1.199
BK120114,2012,23,55,NA,NA,3.456,3.492,5.96,5,19,0.208,1.126,1.327
BK120119,2012,23,38,f,8,2.1,2.291,3.12,4,NA,0.147,0.785,0.86
BK120122,2012,23,36,NA,10,2.147,2.236,4.024,4,NA,NA,NA,NA
BK120124,2012,23,52,NA,NA,2.898,3.16,4.924,6,19,0.22,0.902,1.08
BK120186,2012,44,45,NA,10,NA,NA,NA,NA,NA,NA,NA,NA
BK120233,2012,44,49,f,15,2.159,2.548,4.337,6,20,0.165,0.895,1.01
BK120235,2012,44,53,m,15,3.264,3.383,5.521,4,19,0.226,1.35,1.37
BK120250,2012,44,63,f,21,3.409,3.758,6.854,4,20,0.231,1.56,1.5
BK120251,2012,44,53,f,21,2.667,3.315,5.172,4,19,0.189,1.14,1.25
BK120252,2012,44,70,f,25,NA,NA,NA,NA,22,0.184,1.5,1.39
BK120255,2012,44,65,f,25,3.696,3.922,6.08,5,19,0.199,1.11,1.28
BK120260,2012,44,54,f,23,2.559,3.346,6.115,5,18,0.185,0.986,1.08
BK120269,2012,44,58,m,25,3.119,3.249,5.216,7,18,0.199,1.33,0.935
BK120274,2012,44,59,f,26,3.132,3.482,5.681,6,21,0.216,0.95,0.843
BK120275,2012,44,70,f,25,3.895,3.905,6.762,4,17,0.274,1.18,1.26
BK120277,2012,44,63,f,27,3.239,3.64,5.694,5,19,0.241,1.2,1.14
BK120278,2012,44,62,f,22,3.648,3.912,7.538,4,19,0.224,1.25,1.28
BK120282,2012,44,62,f,26,3.598,3.883,6.851,4,19,0.237,1.03,1.02
BK120283,2012,44,57,f,19,3.404,3.322,5.869,6,NA,0.234,0.785,0.862
BK120285,2012,44,59,f,20,NA,NA,NA,NA,21,0.2,1.06,0.998
BK120351,2012,124,57,f,30,3.156,3.785,5.275,5,13,0.213,1.053667,1.113
BK120401,2012,128,64,f,23,4.062,4.169,6.316,5,NA,0.242,1.05,1.13
BK120404,2012,128,64,f,26,3.668,3.485,6.193,6,20,0.198,1.22,1.27
BK120411,2012,135,55,f,24,2.797,2.983,5.203,5,21,0.163,0.768,0.838
BK120412,2012,135,58,f,20,3.739,3.855,5.479,6,18,0.174,0.635,0.56
BK120413,2012,135,63,f,25,3.627,2.982,5.531,5,NA,0.212,1.29,1.27
BK120418,2012,135,64,f,21,3.849,3.952,5.621,6,20,0.227,1.5,1.4
BK120419,2012,135,59,m,18,3.124,3.49,5.663,6,21,0.251,1.09,1.07
BK120420,2012,135,55,f,19,3.591,3.227,5.984,6,22,0.218,1.38,1.32
BK120422,2012,135,63,m,19,3.637,3.953,6.367,6,17,0.297,1.11,0.912
BK120423,2012,135,57,f,17,2.991,3.388,4.832,5,19,0.185,1.02,0.985
BK120460,2012,DN,68,f,26,3.097,3.39,6.512,6,19,0.247,1.15,1.13
BK120469,2012,DN,43,m,11,2.171,2.43,3.949,4,NA,0.155,0.782,0.882
BK120477,2012,DN,59,f,16,2.732,3.248,4.78,4,NA,0.217,1.52,1.23
BK120484,2012,DN,59,f,19,2.848,3.339,NA,4,16,0.202,1.14,1.16
BK120485,2012,DN,60,f,20,3.377,3.847,6.197,5,NA,0.281,1.12,1.06
BK120486,2012,DN,40,NA,NA,2.433,2.178,4.185,5,NA,0.137,NA,NA
BK120488,2012,DN,63,f,20,3.423,3.165,6.341,6,16,0.227,1.3,1.43
BK120500,2012,DN,46,f,15,2.534,2.645,4.358,4,19,0.163,0.793,0.722
BK120504,2012,DN,60,f,16,3.602,3.463,6.158,6,16,0.21,1.08,0.934
BK120643,2012,DN,59,m,30,3.578,4.066,5.721,7,13,0.21,1.407333,1.28
BK120677,2012,124,38,m,19,2.221,2.476,3.902,5,NA,NA,NA,NA
BK120680,2012,124,50,NA,NA,2.61,2.638,4.819,6,21,0.216,0.96,1.051
BK120711,2012,124,64,NA,NA,3.764,3.872,6.511,4,20,0.244,1.293,1.181
BK120713,2012,124,62,NA,NA,3.669,3.59,6.196,6,22,0.26,1.212,0.995
BK120715,2012,124,54,NA,NA,2.392,2.712,5.199,6,20,0.204,0.804,0.862
BK120718,2012,124,48,NA,NA,2.667,3.064,5.122,6,22,0.155,1.076,0.954
BK120731,2012,124,49,NA,NA,1.835,2.175,NA,4,NA,0.164,NA,NA
BK120735,2012,124,50,NA,NA,2.618,2.681,4.444,6,21,0.192,NA,0.8
BK120736,2012,124,60,f,24,3.15,3.3,5.122,5,21,0.245,1.2,1.24
BK120739,2012,124,59,NA,NA,3.212,3.652,5.876,7,23,0.155,1,1.149
BK120741,2012,124,65,NA,NA,2.836,3.396,5.937,6,22,0.194,0.989,1.235
BK120742,2012,124,59,NA,NA,2.703,3.119,5.263,5,21,0.217,1.025,1.094
BK120743,2012,124,52,NA,NA,2.668,2.941,5.978,5,20,0.191,1.21,1.239
BK120744,2012,124,60,NA,NA,2.606,3.008,5.226,3,20,0.18,1.063,0.838
BK120745,2012,124,60,f,25,3.42,3.434,6.575,5,NA,0.218,1,1.08
BK120747,2012,124,55,NA,NA,3.086,3.385,5.618,6,21,0.149,0.864,0.935
BK120751,2012,124,69,NA,NA,3.709,3.913,7.836,7,19,0.294,1.279,1.111
BK120753,2012,124,57,NA,NA,2.858,3.1,5.469,5,21,0.196,0.921,0.972
BK120755,2012,124,62,NA,NA,3.331,3.312,5.614,5,20,0.304,1.175,1.236
BK120758,2012,124,80,NA,NA,4.483,4.611,7.436,5,20,0.275,1.469,1.427
BK120760,2012,124,63,NA,NA,3.251,3.659,6.499,4,19,0.256,1.439,1.403
BK120761,2012,124,75,m,30,NA,NA,NA,NA,NA,0.204,1.62,1.67
BK120762,2012,124,57,NA,NA,2.957,3.138,6.97,5,20,0.203,0.925,0.87
BK120766,2012,124,63,NA,NA,2.702,3.347,6.514,4,21,0.19,0.934,0.842
BK120767,2012,124,54,NA,NA,3.337,3.709,6.157,6,19,NA,NA,NA
BK120770,2012,124,72,f,33,4.078,4.406,6.459,4,NA,0.263,1.21,1.37
BK120771,2012,124,73,NA,NA,3.879,4.338,6.135,5,22,0.224,1.534,1.384
BK120773,2012,124,55,NA,NA,3.249,3.227,5.75,6,22,0.159,1.123,1.11
BK120776,2012,124,58,NA,NA,3.294,3.619,5.837,4,20,0.17,1.067,0.928
BK120788,2012,124,71,f,26,NA,NA,NA,NA,NA,0.259,1.43,1.4
BK120789,2012,124,65,f,25,3.401,3.447,6.422,6,21,0.27,1.04,1.12
BK120790,2012,124,50,f,18,3.005,2.916,4.693,6,NA,0.192,0.958,0.978
BK120793,2012,124,73,f,31,4.977,5.359,8.472,5,20,0.323,1.44,1.42
BK120803,2012,124,55,f,18,2.932,3.501,5.39,5,21,0.188,1.29,1.19
BK120808,2012,124,72,NA,NA,5.029,5.32,7.832,6,21,0.267,1.459,1.306
BK120812,2012,124,52,NA,NA,3.115,3.346,5.056,5,21,0.177,1.258,1.19
BK120825,2012,128,58,NA,NA,2.995,3.229,6.363,5,19,0.143,0.969,0.989
BK120834,2012,128,74,NA,NA,3.821,4.039,6.838,6,23,0.284,1.085,1.149
BK120846,2012,128,72,NA,NA,4.115,4.221,7.533,5,18,0.279,1.364,1.122
BK120852,2012,128,60,NA,NA,NA,NA,NA,NA,21,0.198,1.134,1.175
BK120859,2012,128,82,NA,NA,4.211,4.754,6.929,5,20,0.286,1.114,1.19
BK120865,2012,128,54,NA,NA,3.011,3.379,5.053,7,22,0.211,1.079,0.931
BK120867,2012,128,73,NA,NA,4.661,4.968,7.218,5,20,0.218,1.32,1.272
BK120868,2012,128,71,NA,NA,4.452,3.854,7.322,4,22,0.215,1.131,1.183
BK120871,2012,128,53,f,24,2.674,2.93,5.32,5,19,0.195,1.07,0.895
BK120881,2012,128,72,f,30,4.259,5.022,6.6,6,19,0.277,1.32,1.32
BK120887,2012,128,73,NA,NA,4.109,4.702,7.254,6,18,0.206,1.257,1.223
BK120891,2012,128,77,NA,NA,3.732,4.392,7.613,4,20,0.22,1.256,1.419
BK120902,2012,128,57,m,22,3.168,3.672,4.914,6,19,0.227,1.21,1.22
BK120911,2012,128,72,f,27,4.754,5.028,8.434,8,18,0.213,1.05,1.41
BK120920,2012,128,58,NA,NA,2.999,3.499,5.17,6,21,0.168,1.033,1.123
BK121012,2012,NS,55,f,31,2.99,3.187,6.073,4,15,0.176,1.174333,1.161
BK121014,2012,NS,64,f,40,4.091,4.286,7.215,4,NA,NA,NA,NA
BK121029,2012,NS,61,f,37,2.925,3.101,6.716,8,15,0.1793333,1.169333,1.037
BK121038,2012,NS,58,m,33,4.202,4.367,6.267,5,15,0.1756667,1.529,1.670333
BK121044,2012,NS,57,f,35,3.036,3.615,6.582,4,13,0.206,1.217,1.157667
BK121044,2012,NS,57,f,35,3.036,3.615,6.582,4,15,0.1973333,1.081,1.141
BK121056,2012,NS,61,f,35,3.85,4.092,5.263,6,16,0.1603333,1.123667,1.145667
BK121060,2012,NS,57,f,32,2.817,3.005,5.074,4,11,0.178,1.150667,1.292
BK121064,2012,NS,53,f,27,3.136,3.31,4.716,4,13,0.1836667,0.8863333,0.9016667
BK121073,2012,GS,65,f,42,3.744,4.335,6.545,5,12,0.2676667,1.469667,1.475667
BK121074,2012,GS,60,f,43,3.595,4.144,5.944,6,13,0.2893333,1.638667,1.633667
BK121075,2012,GS,43,f,NA,2.571,3.068,4.533,5,13,0.1723333,0.841,0.814
BK121342,2012,HS2,38,f,19,2.979,2.946,4.158,4,15,0.16,0.7726667,0.778
BK121408,2012,HS2,37,m,10,2.507,2.632,4.293,7,20,0.166,0.685,0.833
BK121414,2012,HS2,36,m,10,2.329,2.39,4,5,19,0.153,0.665,0.688
BK121439,2012,HS2,37,f,10,2.119,2.298,3.987,5,17,0.169,0.651,0.718
BK121442,2012,HS2,42,m,13,2.759,2.882,4.56,4,NA,0.132,0.848,0.998
BK121443,2012,HS2,41,f,10,2.622,2.659,4.711,4,17,0.176,0.847,0.889
BK121444,2012,HS2,36,f,7,1.732,1.792,3.72,4,NA,0.148,0.748,0.65
BK121476,2012,HS2,48,m,12,2.242,2.448,4.158,5,NA,0.188,1.13,1.06
BK121477,2012,HS2,52,f,16,2.734,2.719,3.513,6,NA,0.177,1.07,0.89
BK121478,2012,HS2,43,m,12,2.841,3.182,4.597,6,22,0.136,1.04,1.08
BK121480,2012,HS2,51,f,14,2.698,2.877,5.716,5,20,0.139,1.02,1.16
BK121482,2012,HS2,45,f,12,2.499,2.821,4.65,4,21,0.153,1.04,0.906
BK121483,2012,HS2,45,m,13,2.176,2.325,3.42,4,NA,0.132,0.861,0.893
BK121484,2012,HS2,41,f,10,2.456,2.611,4.273,4,18,0.131,0.636,0.718
BK121485,2012,HS2,37,f,7,2.818,2.662,4.791,4,19,0.161,0.707,0.906
BK121487,2012,HS2,39,NA,NA,1.696,2.476,3.421,7,NA,0.126,NA,NA
BK121488,2012,HS2,37,m,9,1.878,2.322,3.979,4,18,0.125,0.771,0.821
BK121489,2012,HS2,38,m,11,2.577,2.731,4.459,5,NA,0.167,0.919,0.831
BK121490,2012,HS2,38,NA,NA,NA,NA,4.988,3,NA,NA,NA,NA
BK121492,2012,HS2,40,m,8,2.645,2.861,4.42,4,18,0.164,1,0.937
BK121493,2012,HS2,40,m,11,2.853,3.195,3.323,6,NA,0.163,0.825,0.973
BK121494,2012,HS2,42,m,15,2.718,2.855,4.889,5,21,0.187,0.879,0.709
BK121495,2012,HS2,38,m,10,2.208,2.542,3.091,4,20,0.112,0.712,0.75
BK121498,2012,HS2,37,m,8,2.574,2.756,4.318,5,19,0.15,0.708,0.71
BK121499,2012,HS2,37,m,12,2.279,2.652,4.43,4,19,0.097,1,0.915
BK121500,2012,HS2,40,m,11,3.074,3.156,4.346,5,20,0.154,1,0.957
BK121501,2012,HS2,39,m,10,2.464,2.941,4.742,5,18,0.147,0.68,0.772
BK121502,2012,HS2,38,m,11,2.058,2.488,NA,5,NA,0.125,0.659,0.802
BK121503,2012,HS2,40,m,10,2.182,2.401,3.733,4,18,0.155,0.728,0.752
BK121505,2012,HS2,37,m,10,2.362,2.633,4.1,4,17,0.188,0.75,0.807
BK121507,2012,HS2,38,NA,10,2.225,2.488,3.654,6,NA,0.177,0.806,0.773
BK121510,2012,HS2,47,m,11,2.765,3.066,4.782,5,NA,0.193,0.971,0.954
BK121511,2012,HS2,53,m,21,2.468,3.322,5.755,7,19,0.239,1.03,1.03
BK121513,2012,HS2,55,f,11,3.188,3.523,5.354,4,18,0.2,1,1.24
BK121515,2012,HS2,62,f,25,3.221,3.025,4.292,5,NA,0.287,1.21,1.14
BK121516,2012,GS,60,f,30,3.43,3.711,3.471,4,14,0.1773333,1.170333,1.367667
BK121517,2012,GS,39,m,15,2.845,2.84,3.636,5,14,0.1123333,0.7416667,0.859
BK121518,2012,GS,37,m,19,2.735,2.62,3.884,4,NA,NA,NA,NA
BK121534,2012,GS,47,f,23,2.513,2.889,4.057,5,14,0.1616667,0.9623333,1.089667
BK121534,2012,GS,47,f,23,2.55,2.909,4.033,5,14,0.1616667,0.9623333,1.089667
BK121535,2012,GS,50,m,29,1.826,2.153,4.069,5,16,0.1466667,0.9523333,0.9636667
BK121536,2012,GS,75,f,55,5.106,5.363,5.91,4,14,0.237,1.259667,1.294667
BK121805,2012,NS,65,f,44,4.456,4.431,6.245,5,11,0.2166667,1.21,1.252
BK121820,2012,NS,65,f,42,5.294,5.335,5.843,4,14,0.248,0.9946667,1.169667
BK121888,2012,NS,65,f,35,4.308,4.53,7.066,6,15,0.2566667,1.454,1.537667
BK121891,2012,NS,60,f,27,3.401,3.524,5.877,4,13,0.2586667,1.224,1.168
BK121898,2012,NS,56,m,29,2.985,3.339,5.233,5,9,0.2423333,1.278667,1.341333
BK121912,2012,NS,57,f,35,3.144,3.675,4.152,5,13,0.1873333,1.275667,1.370333
BK121931,2012,NS,52,f,32,3.5,3.696,5.524,6,15,0.1846667,1.126333,1.043667
BK121932,2012,NS,51,f,32,2.874,3.183,5.277,5,14,0.2596667,1.083667,1.088
BK121938,2012,NS,64,f,40,3.698,4.353,6.056,4,13,0.195,1.072,1.184
BK140001,2014,23,42,f,NA,2.534,2.407,4.527,4,15,0.212,0.8443333,0.9566667
BK140005,2014,27,41,m,19,3.132,3.379,4.765,4,10,0.182,0.9823333,0.9536667
BK140011,2014,27,39,f,20,NA,NA,NA,NA,NA,NA,NA,NA
BK140012,2014,27,35,f,16,1.924,2.162,4.009,4,14,0.1476667,0.705,0.7303333
BK140015,2014,23,36,f,NA,2.502,2.885,4.041,6,13,0.2196667,0.74,0.6646667
BK140042,2014,128,50,f,NA,3.144,3.247,4.655,5,13,0.1886667,0.9743333,0.973
BK140047,2014,128,62,m,NA,3.324,3.696,6.217,5,16,0.172,1.042333,1.139667
BK140049,2014,128,38,f,19,2.546,2.596,4.072,5,13,0.13,0.8863333,0.896
BK140057,2014,128,43,f,20,3.101,3.357,5.794,5,14,0.1493333,0.9753333,1.061
BK140058,2014,128,61,f,NA,3.408,3.227,5.931,4,13,0.1983333,1.069333,1.093667
BK140081,2014,128,40,f,16,2.647,2.941,4.097,5,NA,NA,NA,NA
BK140103,2014,128,68,f,NA,4.468,5.019,6.713,5,17,0.2123333,1.053333,1.122667
BK140104,2014,128,41,f,NA,2.872,2.981,4.197,4,15,0.1426667,0.7806667,0.755
BK140129,2014,128,35,m,14,2.236,2.413,3.49,4,13,0.1263333,0.7486667,0.698
BK140130,2014,128,35,m,15,2.88,3.111,3.225,6,NA,NA,NA,NA
BK140138,2014,128,43,f,NA,2.827,3.138,4.951,4,NA,NA,NA,NA
BK140147,2014,128,36,f,17,2.034,2.097,3.861,5,14,0.156,0.827,0.844
BK140165,2014,128,38,m,19,2.311,2.38,4.348,6,14,0.1646667,0.872,0.971
BK140185,2014,128,36,m,19,2.399,2.405,3.556,4,13,0.169,0.741,0.716
BK140212,2014,128,35,f,16,1.917,2.373,3.936,4,12,0.138,0.8173333,0.719
BK140217,2014,135,59,f,33,3.698,3.721,6.221,6,14,0.203,1.161,1.236
BK140219,2014,135,36,f,14,2.041,2.202,3.497,6,NA,NA,NA,NA
BK140321,2014,DN,41,f,21,2.691,3.009,4.666,4,13,0.1693333,0.911,1.008667
BK140322,2014,DN,54,f,35,3.085,3.233,3.891,4,12,0.2243333,0.9866667,0.9803333
BK140325,2014,DN,35,m,18,2.402,2.509,4.031,5,13,0.1593333,0.782,0.7103333
BK140331,2014,DN,35,m,16,2.362,2.513,3.345,4,NA,NA,NA,NA
BK140339,2014,DN,35,m,13,2.57,2.806,3.895,5,NA,NA,NA,NA
BK140345,2014,DN,52,f,25,2.675,3.138,5.495,6,14,0.207,0.8986667,0.8843333
BK140365,2014,DN,43,f,21,2.565,2.726,4.061,4,NA,NA,NA,NA
BK140389,2014,DN,37,f,14,2.469,2.591,3.797,4,13,0.135,0.746,0.7726667
BK140400,2014,DN,42,NA,NA,3.259,3.483,4.729,6,14,0.135,0.9676667,0.922
BK140651,2014,DN,46,f,18,3.213,3.404,5.181,6,NA,NA,NA,NA
BK140760,2014,GS,51,f,25,2.965,3.254,4.668,5,NA,NA,NA,NA
BK140761,2014,GS,62,f,40,NA,NA,NA,NA,NA,NA,NA,NA
BK140766,2014,NS,37,f,15,2.768,2.818,4.179,4,NA,NA,NA,NA
BK140782,2014,NS,42,m,17,2.928,2.913,4.415,6,13,0.1846667,0.9913333,0.8946667
BK140799,2014,NS,36,f,15,2.291,2.714,3.821,5,12,0.14,0.7996667,0.7896667
BK140810,2014,NS,55,f,33,2.84,3.187,4.753,6,13,0.2113333,1.001667,0.9973333
BK140830,2014,NS,35,m,12,2.379,2.26,2.131,4,12,0.1136667,0.8416667,0.7553333
BK140886,2014,HS2,52,NA,NA,3.587,3.903,6.053,5,13,0.1613333,0.8453333,0.914
BK140887,2014,HS2,49,NA,NA,3.627,3.122,4.799,6,NA,NA,NA,NA
BK140938,2014,HS2,43,NA,NA,2.702,3.303,4.869,4,14,0.139,0.866,0.8956667
BK140958,2014,HS2,46,NA,NA,2.874,3.035,4.589,5,15,0.203,0.9873333,1.126667
BK140989,2014,HS2,43,NA,NA,2.829,3.419,4.674,5,NA,NA,NA,NA
BK141022,2014,HS2,37,NA,NA,3.088,3.233,4.655,4,NA,NA,NA,NA
BK141024,2014,HS2,41,NA,NA,2.676,2.833,4.718,6,13,0.1816667,0.8066667,0.914
BK141029,2014,HS2,37,m,15,2.246,2.312,3.983,4,NA,NA,NA,NA
BK141114,2014,GS,42,f,21,2.64,2.678,3.934,5,NA,NA,NA,NA
BK141115,2014,GS,60,f,35,3.003,3.212,6.325,5,13,0.186,1.005667,1.043333
BK141116,2014,GS,49,m,24,3.349,3.396,4.532,5,13,0.2093333,0.972,1.072
BK141117,2014,GS,53,m,27,3.08,3.262,5.185,4,14,0.229,0.939,0.9473333
BK141182,2014,HS2,57,NA,NA,3.707,4.093,6.273,4,13,0.2493333,0.8763333,0.881
BK141291,2014,HS2,40,NA,NA,2.733,2.911,4.334,4,15,0.188,0.639,0.787
BK141298,2014,HS2,50,NA,NA,3.254,3.601,5.438,6,14,0.1726667,1.024,0.9933333
BK141305,2014,HS2,40,NA,NA,2.668,2.78,4.082,5,13,0.1723333,0.858,0.9726667
BK141367,2014,HS2,48,NA,NA,3.302,3.222,5.16,5,NA,NA,NA,NA
BK141368,2014,HS2,46,NA,NA,3.482,3.114,5.042,4,12,0.1583333,1.008,0.97
BK141370,2014,HS2,41,NA,NA,2.854,3.099,4.859,4,13,0.1623333,0.918,0.8666667
BK141411,2014,NS,59,m,42,3.055,3.558,5.447,5,16,0.2013333,1.283333,1.271667
BK141412,2014,NS,56,f,41,3.214,3.352,6.015,4,NA,NA,NA,NA
BK141415,2014,NS,46,f,23,2.514,2.689,4.568,4,15,0.1696667,0.871,1.093
BK141421,2014,NS,58,f,34,2.773,2.827,5.417,4,NA,NA,NA,NA
BK141431,2014,NS,52,f,30,NA,NA,NA,NA,NA,NA,NA,NA
BK141434,2014,NS,57,m,28,3.399,3.413,5.409,6,NA,NA,NA,NA
BK141441,2014,NS,57,f,40,2.652,2.857,5.472,7,NA,NA,NA,NA
BK141442,2014,NS,43,m,22,2.441,2.733,4.136,4,13,0.137,1.114,1.151333
BK141456,2014,NS,57,f,32,2.961,3.225,6.077,6,13,0.175,1.108333,1.194667
BK141462,2014,NS,60,f,33,3.431,3.318,5.194,6,12,0.291,1.106,1.239
BK141464,2014,NS,53,f,32,2.914,3.104,4.562,5,NA,NA,NA,NA
BK141490,2014,NS,47,m,23,2.557,2.703,4.311,5,NA,NA,NA,NA
BK141501,2014,NS,60,f,35,3.214,3.278,6.522,4,12,0.2573333,1.231333,1.373667
BK16001,2016,NS,70,f,NA,3.504,3.946,6.107,4,14,0.224,1.255333,1.243667
BK16003,2016,NS,44,f,NA,1.837,2.058,3.803,4,12,0.106,0.608,0.6306667
BK16004,2016,NS,58,f,NA,2.669,2.933,5.089,5,13,0.1853333,0.8733333,1.028333
BK16005,2016,NS,35,NA,NA,1.973,2.088,3.523,5,13,0.109,0.749,0.7083333
BK16006,2016,GS,56,f,NA,2.376,3.084,4.495,4,NA,NA,NA,NA
BK16007,2016,GS,52,NA,NA,2.372,2.738,4.279,4,15,0.1616667,1.146667,1.036667
BK16020,2016,HS2,35,m,NA,2.759,2.717,4.165,3,14,0.08733333,0.593,0.6933333
BK16039,2016,HS2,42,m,NA,2.385,2.588,4.47,5,15,0.1653333,0.9246667,0.8843333
BK16055,2016,HS2,39,m,NA,3.125,3.643,4.449,5,14,0.1383333,0.893,0.749
BK16057,2016,HS2,37,f,NA,2.687,2.834,4.228,5,14,0.099,0.6603333,0.671
BK16059,2016,HS2,39,NA,NA,3.134,3.425,4.498,5,16,0.118,0.7086667,0.647
BK16070,2016,HS2,43,m,NA,3.599,3.517,4.185,5,13,0.1313333,0.8196667,0.953
BK16073,2016,HS2,36,m,NA,2.461,2.664,3.85,4,13,0.1093333,0.758,0.7636667
BK16075,2016,HS2,51,f,NA,2.617,2.664,4.048,5,13,0.2,0.9153333,0.9033333
BK16125,2016,HS2,65,f,NA,4.97,5.951,5.027,5,13,0.2866667,1.512667,1.44
BK16175,2016,HS2,48,f,NA,3.11,3.177,4.961,5,8,0.164,0.9576667,0.904
BK16179,2016,NS,52,f,NA,2.643,2.601,4.537,6,14,0.2446667,0.7093333,0.7773333
BK16180,2016,NS,36,f,NA,0.911,2.187,3.728,5,11,0.143,0.698,0.7273333
BK16181,2016,NS,38,f,NA,2.092,2.277,3.957,4,13,0.1376667,0.804,0.9203333
BK16182,2016,NS,58,f,NA,3.185,3.141,5.087,5,NA,NA,NA,NA
BK16183,2016,NS,40,f,NA,2.339,2.443,4.064,5,15,0.123,0.8046667,0.9403333
BK16184,2016,NS,37,f,NA,2.315,2.138,3.98,4,11,0.1446667,0.61,0.682
BK16193,2016,HS2,35,m,NA,3.101,3.261,4.534,4,14,0.1153333,0.759,0.8033333
BK16235,2016,HS2,37,m,NA,NA,2.732,4.354,4,14,0.1216667,0.6333333,0.659
BK16235,2016,HS2,37,m,NA,NA,2.732,4.354,4,14,0.1216667,0.6333333,0.659
BK16250,2016,HS2,35,NA,NA,2.746,3.197,3.898,6,NA,NA,NA,NA
BK16251,2016,HS2,50,f,NA,3.476,3.567,5.485,5,13,0.1623333,0.9846667,0.9563333
BK16252,2016,44,47,f,NA,2.279,2.678,4.39,6,15,0.1826667,1.043667,1.101333
BK16253,2016,27,51,m,NA,2.632,2.866,3.244,5,NA,NA,NA,NA
BK16254,2016,23,58,f,NA,3.667,3.543,6.417,5,15,0.154,1.024333,1.140667
BK16255,2016,41,39,f,NA,1.96,2.418,3.683,5,12,0.1143333,0.6883333,0.6623333
BK16256,2016,124,36,f,NA,1.817,1.641,4.118,3,11,0.12,0.63,0.5623333
BK16257,2016,128,57,f,NA,3.25,3.199,5.077,5,13,0.199,1.136667,1.454667
BK16258,2016,128,35,f,NA,1.867,2.027,3.386,5,14,0.09533333,0.6093333,0.5973333
BK16261,2016,DN,43,m,NA,2.169,2.206,3.489,5,13,0.1393333,0.992,1.133333
BK16262,2016,DN,42,f,NA,2.168,2.619,3.879,6,13,0.1116667,0.7916667,0.9773333
BK16264,2016,DN,40,f,NA,1.836,2.594,3.722,4,13,0.1573333,0.8773333,0.9
BK16265,2016,135,50,f,NA,2.969,3.283,4.856,5,14,0.1493333,1.108,1.23
BK16266,2016,135,40,m,NA,2.122,2.097,3.526,6,10,0.086,0.677,0.684
BK16268,2016,135,40,m,NA,2.083,2.07,3.899,6,14,0.1113333,0.7593333,0.8913333
BK16269,2016,124,38,f,NA,2.16,2.357,3.771,4,14,0.11,0.6646667,0.7793333
BK16270,2016,124,42,f,NA,2.666,2.912,4.431,4,13,0.1126667,0.9483333,0.994
BK16271,2016,124,42,f,NA,NA,1.936,3.826,4,15,0.128,0.9553333,0.907
BK16273,2016,128,48,f,NA,2.24,2.585,4.812,6,15,0.166,1.011333,1.069
BK16274,2016,128,42,f,NA,2.697,2.965,4.081,4,14,0.122,1.004667,0.9593333
BK16277,2016,128,35,f,NA,2.215,2.723,3.077,4,13,0.1143333,0.6866667,0.6793333
BK16278,2016,128,39,f,NA,2.337,2.724,4.224,4,14,0.135,0.7453333,0.7386667
BK16279,2016,128,45,f,NA,2.763,2.965,4.48,4,14,0.1413333,1.186333,1.219
BK16280,2016,128,42,f,NA,2.703,2.915,4.833,5,NA,NA,NA,NA
BK16281,2016,128,46,m,NA,2.655,2.749,4.608,6,16,0.108,1.007333,0.9856667
BK16282,2016,DN,44,m,NA,2.72,2.669,4.284,5,14,0.114,1.069333,0.9993333
BK16285,2016,DN,48,f,NA,2.914,3.352,4.296,5,14,0.12,1.100333,1.130333
BK16287,2016,DN,41,f,NA,2.694,2.712,4.342,4,11,0.1236667,0.9976667,0.9713333
BK16289,2016,DN,36,m,NA,2.615,2.611,3.83,5,11,0.112,0.616,0.6623333
BK16290,2016,DN,42,f,NA,1.626,2.402,3.822,4,15,0.1173333,0.9426667,0.9346667
BK16291,2016,DN,45,f,NA,2.966,3.242,4.837,5,15,0.1253333,0.9456667,1.1
BK16292,2016,DN,40,f,NA,2.766,2.562,3.733,4,14,0.1266667,0.9576667,0.852
BK16293,2016,DN,40,m,NA,2.619,2.687,4.126,5,13,0.148,0.9166667,0.747
BK180001U21,2018,23,52,f,24,2.487,2.793,5.163,4,13,0.1876667,1.183333,1.272667
BK180051U21,2018,44,52,f,25,3.352,3.759,4.819,6,13,0.179,0.867,0.9503333
BK180052U21,2018,44,61,f,38,3.829,3.766,5.552,4,13,0.1896667,1.331,1.202667
BK180053U21,2018,44,59,f,37,3.122,3.309,4.519,5,NA,NA,NA,NA
BK180103U21,2018,44,37,f,18,2.043,1.962,4.281,3,15,0.1246667,0.5966667,0.64
BK180107U21,2018,44,45,f,17,2.776,3.113,4.606,5,13,0.1573333,1.025667,1.016
BK180109U21,2018,44,44,f,18,2.873,2.878,4.918,4,13,0.1716667,1.082,1.127
BK180110U21,2018,44,43,f,18,2.631,3.071,4.459,4,11,0.1513333,0.8716667,0.764
BK180111U21,2018,44,44,f,18,2.756,3.267,4.913,5,13,0.1483333,0.97,0.9946667
BK180112U21,2018,44,41,f,16,3.057,3.263,5.018,5,NA,NA,NA,NA
BK180113U21,2018,44,43,f,18,3.15,3.394,5.208,5,11,0.2096667,0.8883333,0.8316667
BK180114U21,2018,44,39,f,17,NA,2.942,3.803,5,NA,NA,NA,NA
BK180116U21,2018,44,37,f,13,2.636,2.645,4.245,5,13,0.094,0.8373333,0.8446667
BK180151U21,2018,27,44,f,20,2.475,2.663,4.35,6,13,0.1766667,1.004333,1.023333
BK180152U21,2018,27,42,f,19,1.775,2.313,3.556,4,12,0.135,0.8963333,0.826
BK180154U21,2018,27,44,f,20,2.911,3.091,3.63,3,13,0.087,1.019333,0.9913333
BK180156U21,2018,27,45,f,15,2.365,2.831,3.181,5,NA,NA,NA,NA
BK180157U21,2018,27,49,f,20,3.076,2.944,5.751,6,12,0.1046667,0.9436667,1.024333
BK180158U21,2018,27,40,f,15,2.637,2.767,4.562,5,12,0.193,0.801,0.7553333
BK180159U21,2018,27,39,f,15,2.447,2.428,NA,4,13,0.117,0.971,0.9026667
BK180162U21,2018,27,35,m,12,2.025,2.645,3.75,4,14,0.122,0.6813333,0.7083333
BK180164U21,2018,27,38,f,15,2.777,2.475,4.034,4,11,0.112,0.6886667,0.7556667
BK180165U21,2018,27,43,m,15,2.721,2.751,4.432,5,12,0.096,0.7253333,0.786
BK180166U21,2018,27,38,f,14,2.058,2.442,3.743,5,13,0.1743333,0.723,0.768
BK180167U21,2018,27,39,f,15,2.193,2.437,4.14,4,13,0.1256667,0.5233333,0.951
BK180201U21,2018,27,52,f,27,2.732,NA,4.599,6,13,0.133,0.9653333,0.9893333
BK180202U21,2018,27,67,f,36,3.668,4.018,5.537,5,14,0.202,1.529,1.769333
BK180203U21,2018,27,74,f,40,4.072,4.186,6.03,4,NA,NA,NA,NA
BK180204U21,2018,27,71,f,45,3.89,4.447,5.41,5,14,0.2386667,1.385333,1.543333
BK180205U21,2018,27,56,f,28,3.211,3.46,6.333,5,12,0.108,1.622333,1.531333
BK180206U21,2018,27,54,f,29,2.941,2.962,4.218,5,NA,NA,NA,NA
BK180207U21,2018,27,68,f,34,3.734,3.981,7.038,8,12,0.273,1.486667,1.546667
BK180208U21,2018,27,58,m,26,3.222,3.148,5.031,6,14,0.2883333,1.368667,1.343667
BK180209U21,2018,27,58,f,35,2.86,3.968,6.086,5,NA,NA,NA,NA
BK180251U21,2018,23,46,f,19,NA,2.954,4.533,5,14,0.1896667,0.973,1.101333
BK180252U21,2018,23,36,f,13,2.311,2.437,3.758,6,10,0.1303333,0.7763333,0.7766667
BK180301U21,2018,41,62,f,35,3.338,3.697,5.857,5,16,0.1836667,1.238,1.324333
BK180352U21,2018,41,38,m,15,3.107,NA,3.902,3,NA,NA,NA,NA
BK180354U21,2018,41,43,m,17,3.026,2.816,3.164,6,15,0.1483333,0.98,1.105
BK180355U21,2018,41,37,f,15,1.736,1.877,3.794,3,12,0.07333333,0.6236667,0.6326667
BK185005,2018,GS,53,m,32,3.064,2.877,5.059,6,15,0.1943333,1.155333,1.167
BK185010,2018,GS,40,f,19,2.799,2.869,3.29,4,11,0.1273333,0.818,0.8003333
BK185013,2018,GS,53,m,28,2.791,3.053,2.742,5,10,0.1896667,1.467333,1.531333
BK185015,2018,GS,44,m,18,2.549,2.863,3.326,5,14,0.1846667,0.8213333,0.8643333
BK185017,2018,GS,40,m,22,2.867,3.15,4.598,6,13,0.1316667,0.833,0.8913333
BK185018,2018,GS,58,m,35,3.392,3.454,4.937,4,10,0.2326667,1.424333,1.433667
BK185019,2018,GS,61,f,36,3.124,3.31,5.256,5,14,0.1893333,1.407,1.488
BK185022,2018,GS,57,m,25,3.301,3.299,5.969,6,11,0.183,1.362,1.411333
BK185025,2018,GS,51,f,29,2.562,2.865,5.245,4,14,0.199,1.029333,1.034
BK185037,2018,GS,42,m,23,2.569,2.662,4.064,5,15,0.159,0.7516667,0.802
BK185040,2018,GS,40,m,17,3.008,2.895,4.496,4,13,0.1933333,0.8303333,0.8936667
BK185045,2018,GS,40,f,20,2.367,2.537,4.385,4,NA,NA,NA,NA
BK185048,2018,GS,36,m,17,2.37,2.312,3.9,4,14,0.1706667,0.862,0.7806667
BK185050,2018,GS,36,f,18,2.079,2.269,3.119,4,12,0.1293333,0.8013333,0.8523333
BK185057,2018,GS,35,f,15,2.434,2.562,3.806,3,14,0.1176667,0.84,0.7753333
BK185060,2018,GS,35,m,16,2.019,2.281,3.452,4,14,0.13,0.7853333,0.776
BK185072,2018,128,55,f,31,2.858,3.159,5.234,4,14,0.2106667,1.235667,1.253333
BK185082,2018,128,35,m,15,2.568,2.779,4.565,4,11,0.1353333,0.7076667,0.7466667
BK185087,2018,128,45,m,22,3.505,3.475,4.322,5,14,0.1133333,1.003333,0.918
BK185088,2018,128,64,f,49,3.601,3.921,6.57,4,10,0.1733333,1.325333,1.373667
BK185095,2018,128,54,f,12,3.663,3.588,4.229,5,10,0.226,1.263333,1.259
BK185106,2018,128,38,m,20,2.467,2.66,4.314,4,11,0.09833333,0.7226667,0.7683333
BK185107,2018,128,38,NA,15,2.656,3.263,4.069,4,NA,NA,NA,NA
BK185152,2018,128,57,m,31,2.931,3.125,4.582,5,13,0.197,1.372,1.473
BK185162,2018,128,55,f,30,2.912,3.185,4.585,5,12,0.2026667,1.116,1.061333
BK185163,2018,128,65,f,46,3.523,3.923,3.942,5,12,0.1796667,1.535,1.487
BK185189,2018,128,61,f,42,3.516,4.048,6.782,3,11,0.3176667,1.424333,1.476667
BK185222,2018,128,62,f,38,3.365,3.884,5.894,4,12,0.2073333,1.055333,1.048333
BK185224,2018,128,50,f,40,2.931,3.375,5.012,6,12,0.1746667,1.03,1.112333
BK185234,2018,128,50,m,27,2.826,2.998,4.556,6,15,0.144,0.992,1.154
BK185239,2018,128,58,f,34,3.955,4.266,6.156,5,15,0.2063333,1.190333,1.161667
BK185243,2018,128,55,NA,NA,3.673,3.569,4.05,5,11,0.1523333,1.313,1.265
BK185247,2018,128,55,m,33,3.246,3.269,5.283,5,14,0.1676667,1.438667,1.471667
BK185249,2018,128,58,m,35,3.35,3.519,5.869,6,10,0.2506667,1.379,1.414667
BK185253,2018,128,50,f,30,2.86,1.312,4.936,6,11,0.1546667,0.9206667,0.8633333
BK185261,2018,128,50,m,29,3.416,3.745,4.779,3,14,0.1583333,1.006667,1.108333
BK185275,2018,135,44,m,24,2.233,2.398,4.033,4,14,0.1723333,0.8563333,0.949
BK185277,2018,135,44,m,22,2.559,2.521,4.326,5,13,0.1743333,1.088667,1.074
BK185283,2018,135,43,f,35,NA,NA,NA,NA,NA,NA,NA,NA
BK185288,2018,135,43,m,25,2.225,2.187,3.822,5,12,0.1446667,0.9106667,0.8786667
BK185295,2018,135,58,f,38,3.262,3.346,5.062,5,9,0.1846667,1.096667,1.198
BK185308,2018,135,58,m,35,3.105,3.448,4.27,6,10,0.209,1.516333,1.484
BK185315,2018,135,46,m,30,2.696,3.059,5.103,6,13,0.1996667,1.157,1.246
BK185337,2018,135,42,m,19,3.227,3.174,5.037,4,13,0.1606667,1.065,1.075
BK185342,2018,135,40,f,22,2.465,2.661,4.089,4,15,0.09733333,0.7683333,0.7173333
BK185354,2018,135,39,m,20,2.795,3.223,4.472,6,14,0.1226667,0.7486667,0.759
BK185358,2018,135,41,m,20,2.99,3.182,4.648,5,13,0.1746667,0.751,0.8623333
BK185364,2018,135,44,f,22,2.59,2.877,4.906,5,NA,NA,NA,NA
BK185387,2018,135,44,m,20,3.083,2.893,4.813,5,13,0.1246667,1.04,1.134
BK185388,2018,135,37,m,16,2.947,2.864,4.004,4,13,0.1456667,0.658,0.7406667
BK185389,2018,135,41,m,22,2.807,2.753,3.183,4,13,0.1613333,1.019667,0.88
BK185391,2018,135,45,m,24,2.866,2.389,4.598,7,NA,NA,NA,NA
BK185415,2018,135,58,m,38,2.957,2.889,4.037,6,12,0.228,0.966,1.173333
BK185417,2018,135,48,f,34,3.479,3.523,5.432,7,13,0.1803333,1.308667,1.364667
BK185420,2018,135,43,f,25,3.097,3.368,4.671,5,11,0.1166667,0.9576667,0.9356667
BK185429,2018,135,45,m,17,2.761,2.855,4.969,4,10,0.1273333,1.149667,1.141
BK185430,2018,135,41,m,24,2.731,2.887,3.196,6,14,0.1286667,0.762,0.7893333
BK185442,2018,DN,52,m,33,2.717,3.16,4.26,6,14,0.169,1.352,1.347667
BK185495,2018,DN,58,f,35,3.014,3.142,5.4,4,13,0.185,1.018333,1.252333
BK185502,2018,DN,60,f,37,3.755,4.148,5.222,6,12,0.2493333,1.329667,1.230333
BK185523,2018,DN,63,f,50,3.639,3.932,5.901,6,13,0.2053333,1.468,1.424
BK185528,2018,DN,56,m,32,3.445,3.568,5.834,6,10,0.2066667,1.198333,1.248
BK185541,2018,DN,55,m,27,3.052,3.266,5.163,5,14,0.179,1.1,1.223
BK185560,2018,DN,64,f,45,3.402,3.334,4.991,5,12,0.217,1.364,1.435
BK185574,2018,DN,55,m,33,3.111,3.537,4.865,6,13,0.1726667,1.268333,1.282333
BK185579,2018,DN,53,f,24,3.206,3.613,5.324,4,14,0.16,1.062333,1.067
BK185582,2018,DN,61,m,40,3.34,3.858,7.309,5,NA,NA,NA,NA
BK185606,2018,DN,53,m,36,3.412,3.743,5.903,6,13,0.2043333,1.337667,1.361667
BK185617,2018,DN,53,f,15,3.124,3.464,4.603,4,NA,NA,NA,NA
BK185725,2018,DN,53,f,35,2.555,2.785,4.211,5,13,0.2313333,1.011667,1.048333
BK185728,2018,DN,55,f,27,3.786,3.944,5.741,6,NA,NA,NA,NA
BK185732,2018,DN,51,m,26,2.736,3.335,4.247,4,10,0.1316667,1.311,1.152333
BK185737,2018,DN,55,m,35,3.655,3.984,5.616,4,14,0.102,1.398333,1.516333
BK185738,2018,DN,56,f,38,3.079,3.21,5.945,5,13,0.204,1.086667,1.172667
BK185834,2018,DN,58,f,43,2.916,3.203,6.24,5,14,0.2103333,1.095333,1.055333
BK185836,2018,DN,53,m,35,3.544,3.726,5.836,6,14,0.1413333,1.072667,1.332333
BK185838,2018,DN,58,f,31,3.842,4.186,6.35,4,12,0.1933333,1.278,1.208667
BK185850,2018,HS2,44,f,25,2.265,2.865,4.842,6,13,0.1563333,0.813,0.9136667
BK185854,2018,HS2,45,m,24,2.613,2.864,4.359,4,NA,NA,NA,NA
BK185855,2018,HS2,51,f,30,3.363,3.821,4.432,5,10,0.186,1.037333,1.173
BK185857,2018,HS2,46,m,23,2.884,3.212,3.537,3,12,0.1456667,1.039,1.078667
BK185864,2018,HS2,50,m,17,3.269,3.214,4.462,4,14,0.1833333,1.05,1.1
BK185864,2018,HS2,50,m,26,3.269,3.214,4.462,4,14,0.1833333,1.05,1.1
BK185866,2018,HS2,50,m,25,2.453,2.755,5.387,5,10,0.1506667,1.067333,1.125333
BK185877,2018,HS2,50,m,23,3.006,2.775,5.331,5,NA,NA,NA,NA
BK185884,2018,HS2,46,m,18,2.994,2.851,4.793,6,14,0.1426667,1.071,0.9986667
BK185885,2018,HS2,43,m,24,2.257,2.593,4.16,5,11,0.1323333,0.8813333,1.009
BK185887,2018,HS2,47,m,24,3.21,3.526,4.732,7,12,0.177,0.7443333,1.053667
BK185888,2018,HS2,49,m,21,2.6,2.529,3.623,6,10,0.1276667,0.8386667,0.8906667
BK185892,2018,HS2,44,f,24,2.54,3.071,4.765,4,NA,NA,NA,NA
BK185897,2018,HS2,54,m,30,2.87,3.423,7.067,6,12,0.1396667,1.327333,1.241333
BK185902,2018,HS2,49,m,30,3.368,3.663,5.451,5,10,0.1996667,1.049,1.083
BK185907,2018,HS2,45,m,22,2.418,2.351,3.826,6,13,0.161,0.8626667,1.055667
BK185912,2018,HS2,52,m,29,2.731,3.064,4.943,6,10,0.1553333,1.160333,1.161
BK185921,2018,HS2,52,m,28,3.16,3.484,3.526,6,11,0.1766667,0.9266667,0.9876667
BK185936,2018,HS2,47,m,22,3.777,4.574,4.395,4,13,0.177,1.051667,1.027667
BK185940,2018,HS2,41,f,18,3.346,3.622,4.626,4,13,0.1306667,0.682,0.6316667
BK185941,2018,HS2,41,m,18,2.094,2.524,4.201,5,NA,NA,NA,NA
BK185961,2018,NS,42,m,23,2.968,3.198,5.14,4,13,0.1566667,1.046333,1.053667
BK185964,2018,NS,36,NA,NA,2.756,2.854,3.977,4,10,0.1063333,0.8143333,0.7233333
BK185966,2018,NS,40,f,17,3.01,3.293,4.44,5,14,0.12,0.705,0.7783333
BK185976,2018,NS,53,m,26,2.991,3.177,5.345,6,NA,NA,NA,NA
BK185979,2018,NS,46,m,20,2.643,3.036,4.465,5,15,0.1606667,0.9306667,0.9653333
BK186006,2018,NS,35,m,15,2.55,2.68,3.091,6,NA,NA,NA,NA
BK186017,2018,NS,35,m,16,2.237,2.671,3.208,4,14,0.08133333,0.6343333,0.6656667
BK186020,2018,NS,41,m,17,3.182,3.495,4.098,6,12,0.1426667,0.9226667,0.995
BK186026,2018,NS,62,f,35,3.292,3.123,4.886,4,NA,NA,NA,NA
BK186032,2018,NS,44,m,24,2.455,2.491,3.381,4,13,0.213,0.8726667,0.889
BK186033,2018,NS,44,f,26,2.928,2.536,5.108,5,10,0.171,0.823,0.874
BK186035,2018,NS,45,f,24,3.06,3.114,4.622,5,12,0.1603333,0.8516667,0.891
BK186036,2018,NS,45,m,28,3.301,3.156,4.897,5,13,0.1363333,1.009,0.9786667
BK186043,2018,NS,40,m,25,3.1,3.476,5.017,5,11,0.1493333,0.9396667,0.9396667
BK186051,2018,NS,37,m,17,2.562,3.017,3.967,6,12,0.09333333,0.7013333,0.7193333
BK186055,2018,NS,36,f,16,2.59,3.098,2.958,4,14,0.099,0.7523333,0.8726667
BK186059,2018,NS,43,f,22,2.53,2.574,4.298,5,13,0.1636667,0.7986667,0.7116667
BK186065,2018,124,45,f,25,2.729,3.035,4.823,6,13,0.123,0.8456667,0.8596667
BK186074,2018,124,42,m,21,2.68,3.106,3.8,5,13,0.153,0.8943333,0.9576667
BK186075,2018,124,35,m,14,2.31,2.486,3.991,4,13,0.1356667,0.7033333,0.743
BK186086,2018,124,70,f,56,3.941,4.382,6.062,4,12,0.233,1.558333,1.411667
BK186087,2018,124,60,f,32,3.33,3.449,3.819,6,NA,NA,NA,NA
BK186119,2018,124,58,f,32,2.922,3.089,4.98,5,14,0.188,0.8943333,0.882
BK186120,2018,124,55,m,30,2.738,3.448,5.323,6,14,0.1863333,1.472,1.381667
BK186121,2018,124,54,m,33,3.07,3.238,3.849,4,15,0.2143333,1.320667,1.164333
BK186122,2018,124,48,f,33,2.723,2.726,4.51,6,12,0.2163333,0.717,0.6976667
BK186123,2018,124,50,m,29,3.026,3.251,4.593,4,13,0.119,1.045333,1.133333
BK186125,2018,124,42,m,16,2.233,2.271,4.366,6,NA,NA,NA,NA
BK186132,2018,124,50,m,28,3.084,3.101,4.964,5,13,0.1323333,1.142333,1.196667
BK186134,2018,124,61,f,38,3.332,3.478,6.196,6,9,0.1673333,1.110333,1.188333
BK186140,2018,124,37,m,22,2.993,2.964,4.497,4,13,0.1063333,0.867,0.8266667
BK186146,2018,124,61,f,39,2.967,3.486,6.012,5,NA,NA,NA,NA
BK186153,2018,124,39,f,20,2.338,2.743,4.535,5,14,0.09366667,0.8316667,0.9313333
BK186158,2018,124,36,m,15,2.453,2.729,4.682,5,14,0.111,0.82,0.7893333
BK200401,2020,HS2,59,f,37,3.604,4.23,5.206,5,14,0.1496667,1.172667,1.190333
BK200402,2020,HS2,62,m,28,4.272,3.981,6.921,4,14,0.2216667,1.332,1.306
BK200403,2020,HS2,58,f,38,3.748,3.738,4.692,4,13,0.282,1.549333,1.663
BK200403,2020,HS2,58,f,38,5.228,5.595,7.836,5,13,0.282,1.549333,1.663
BK200403,2020,HS2,58,f,33,5.228,5.595,7.836,5,13,0.282,1.549333,1.663
BK200403,2020,HS2,58,f,33,3.748,3.738,4.692,4,13,0.282,1.549333,1.663
BK200408,2020,HS2,64,m,35,3.699,3.458,5.04,3,14,0.1776667,1.360667,1.358667
BK200409,2020,HS2,60,m,33,4.51,4.552,5.938,5,15,0.1563333,1.143,1.217333
BK200410,2020,HS2,66,f,41,4.34,4.704,6.158,5,15,0.139,1.241,0.9916667
BK200414,2020,HS2,55,m,25,3.907,4.035,5.684,6,13,0.14,1.268333,1.250667
BK200416,2020,HS2,56,m,30,3.487,3.397,5.28,5,15,0.2403333,1.215333,1.336667
BK200418,2020,HS2,55,m,27,3.559,3.734,4.983,6,14,0.1733333,0.869,0.85
BK200451,2020,HS2,46,m,20,2.491,2.665,3.848,5,10,0.212,0.5673333,0.6396667
BK200452,2020,HS2,48,m,26,3.276,3.261,3.436,6,11,0.125,0.9873333,0.984
BK200457,2020,HS2,47,NA,NA,4.125,4.561,6.712,6,NA,NA,NA,NA
BK200459,2020,HS2,43,f,18,2.646,2.862,2.754,5,13,0.172,0.8296667,0.7226667
BK200462,2020,HS2,37,f,15,1.946,1.719,4.049,4,NA,NA,NA,NA
BK200505,2020,HS2,40,f,17,2.937,3.144,4.159,4,NA,NA,NA,NA
BK200506,2020,HS2,38,f,17,2.599,2.562,3.832,4,11,0.104,0.907,0.7696667
BK200507,2020,HS2,42,f,21,NA,NA,NA,NA,NA,NA,NA,NA
BK200508,2020,HS2,35,f,17,2.248,2.435,3.367,5,NA,NA,NA,NA
BK200514,2020,HS2,47,f,25,2.748,3,4.474,6,14,0.181,0.8933333,0.8053333
BK200551,2020,HS2,50,m,26,3.239,3.351,4.603,4,14,0.143,1.219333,1.212
BK200606,2020,NS,60,m,37,3.45,3.75,4.338,4,NA,NA,NA,NA
BK200612,2020,NS,66,m,40,3.619,4.301,5.666,6,13,0.2426667,1.524,1.686333
BK200634,2020,NS,55,f,38,3.76,4.121,5.351,5,14,0.177,0.9703333,0.9966667
BK200701,2020,NS,47,f,30,3.303,3.777,5.163,6,NA,NA,NA,NA
BK200703,2020,NS,40,f,23,2.366,2.843,3.921,5,NA,NA,NA,NA
BK200716,2020,NS,46,f,24,1.256,2.662,3.359,6,12,0.105,0.8306667,0.8126667
BK200745,2020,NS,48,m,25,4.095,3.94,4.952,5,14,0.1693333,1.208667,1.249
BK200746,2020,NS,44,f,25,2.882,3.521,4.308,4,13,0.1593333,0.833,0.8713333
BK200751,2020,NS,55,m,27,3.564,3.742,5.687,6,13,0.1873333,1.227667,1.244333
BK200778,2020,NS,50,f,32,2.959,3.236,5.002,6,14,0.1633333,0.919,0.9843333
BK200779,2020,NS,62,m,39,4.035,4.252,6.651,5,12,0.2376667,1.53,1.513
BK200781,2020,NS,65,f,45,4.014,4.404,6.31,4,13,0.183,1.386,1.481
BK200786,2020,NS,64,m,36,3.757,4.469,5.97,6,NA,NA,NA,NA
BK200792,2020,NS,67,f,40,4.165,4.148,6.274,6,NA,NA,NA,NA
BK200793,2020,NS,62,m,32,3.446,3.462,6.007,5,12,0.214,1.090667,1.345667
BK200794,2020,NS,50,m,27,3.301,3.637,5.015,6,11,0.1633333,0.8946667,0.76
BK200801,2020,GS,53,f,29,3.485,3.707,5.843,5,NA,NA,NA,NA
BK200802,2020,GS,67,f,47,3.759,3.851,7.248,4,13,0.178,1.069333,1.068667
BK200803,2020,GS,72,f,50,4.463,4.17,5.932,5,14,0.2306667,1.534333,1.564
BK200804,2020,GS,64,m,21,4.019,4.038,5.303,6,NA,NA,NA,NA
BK200806,2020,GS,62,m,33,3.911,3.845,6.005,7,13,0.1903333,1.530667,1.491333
BK200807,2020,GS,61,m,35,4.027,4.303,5.942,6,13,0.2256667,1.267333,1.289667
BK200808,2020,GS,65,m,40,3.857,4.392,6.909,6,13,0.228,1.55,1.623
BK200809,2020,GS,62,m,32,3.185,3.591,5.989,4,14,0.099,1.42,1.362
BK200810,2020,GS,61,m,35,3.945,4.034,6.078,4,13,0.168,1.149,1.218
BK200811,2020,GS,68,f,42,4.019,4.032,5.713,4,14,0.2016667,1.149667,1.293667
BK200812,2020,GS,55,m,22,3.88,3.839,5.806,4,13,0.1896667,1.416,1.545667
BK200904,2020,GS,49,f,20,2.934,3.389,4.171,6,13,0.1546667,0.8883333,0.962
BK200951,2020,GS,65,m,36,3.464,3.243,6.017,4,11,0.2036667,1.426667,1.406333
BK200952,2020,GS,68,f,45,4.462,4.857,6.621,7,14,0.1716667,1.493,1.620667
BK200953,2020,GS,60,m,35,4.377,4.605,7.835,5,11,0.1833333,1.298667,1.427
BK200956,2020,GS,60,m,38,3.778,3.887,6.121,5,11,0.1536667,1.390333,1.449667
BK200957,2020,GS,65,f,47,NA,NA,NA,NA,NA,NA,NA,NA
BK200959,2020,GS,60,m,36,3.981,3.817,6.474,5,12,0.1973333,1.55,1.584333
BK201001,2020,23,48,m,24,3.251,4.175,5.339,4,12,0.19,1.288,1.295
BK201002,2020,23,54,m,36,3.959,3.908,6.044,4,14,0.1713333,1.201333,1.380333
BK201003,2020,23,58,m,32,3.924,4.06,4.442,5,12,0.2003333,1.381,1.450333
BK201004,2020,23,74,f,35,4.151,5.159,8.048,3,9,0.274,1.618,1.655333
BK201008,2020,23,65,f,46,4.134,4.526,6.672,6,13,0.173,1.559667,1.523333
BK201101,2020,23,45,m,20,2.654,2.666,4.515,4,11,0.154,1.051667,1.081333
BK201102,2020,23,42,f,20,3.183,3.45,4.633,5,13,0.124,0.888,0.993
BK201103,2020,23,39,m,19,3.053,2.905,4.043,4,12,0.1216667,0.7036667,0.776
BK201106,2020,23,35,m,17,1.906,2.291,3.211,4,13,0.1163333,0.7733333,0.6186667
BK201107,2020,23,36,m,20,2.733,2.236,4.067,4,9,0.1923333,0.7093333,0.73
BK201109,2020,23,35,m,22,2.373,2.34,2.98,4,14,0.1503333,0.616,0.5706667
BK201151,2020,23,60,m,32,3.372,3.538,5.602,5,14,0.1523333,1.45,1.477333
BK201153,2020,23,65,f,43,4.605,5,7.632,5,13,0.1806667,1.365667,1.147
BK201155,2020,23,51,m,32,2.918,3.157,5.149,4,10,0.1633333,1.309,1.295667
BK201158,2020,23,54,m,25,2.931,3.551,5.569,6,12,0.183,1.538,1.54
BK201160,2020,23,66,m,43,4.041,4.062,7.034,4,NA,NA,NA,NA
BK201161,2020,23,60,m,32,3.894,4.244,5.801,6,13,0.1453333,1.053667,1.019
BK201202,2020,27,48,m,28,2.741,3.021,5.611,5,14,0.1076667,1.026667,1.065
BK201251,2020,27,65,m,32,3.589,4.089,5.941,5,NA,NA,NA,NA
BK201252,2020,27,61,m,32,4.383,5.006,7.521,4,14,0.2363333,1.707333,1.77
BK201253,2020,27,65,m,47,4.705,4.713,5.894,5,14,0.1516667,1.375667,1.585
BK201255,2020,27,60,m,34,3.213,3.025,6.737,5,14,0.223,1.528333,1.726333
BK201257,2020,27,65,m,34,4.008,4.177,6.395,6,11,0.2003333,1.905667,2.032
BK201351,2020,27,57,m,36,3.229,3.78,5.513,6,13,0.2026667,1.734,1.632667
BK201354,2020,27,66,m,42,3.364,3.54,5.06,4,NA,NA,NA,NA
BK201357,2020,27,65,m,41,3.972,4.176,5.452,6,13,0.231,1.421667,1.592
BK201358,2020,27,59,m,36,3.936,4.458,6.267,3,11,0.156,1.593667,1.613667
BK201362,2020,27,59,m,31,3.884,3.962,5.689,5,15,0.146,1.509,1.501667
BK201365,2020,27,78,f,58,4.495,4.471,6.458,4,NA,NA,NA,NA
BK201369,2020,27,55,m,34,3.948,3.958,6.042,5,14,0.165,1.192333,1.26
BK201370,2020,27,58,m,33,3.742,3.993,5.277,4,15,0.1943333,1.024,0.964
BK201373,2020,27,64,m,37,3.77,4.041,6.244,5,13,0.2423333,1.663,1.755
BK201374,2020,27,57,m,34,3.576,3.988,4.703,4,12,0.1526667,1.607,1.614667
BK201377,2020,27,58,m,36,4.591,4.721,6.785,6,13,0.2516667,1.486,1.517667
BK201383,2020,27,65,m,36,3.643,2.175,5.515,5,NA,NA,NA,NA
BK201391,2020,27,60,m,32,3.791,4.029,5.364,5,11,0.19,1.345333,1.613667
BK201393,2020,27,75,f,49,4.099,4.26,6.477,5,13,0.2723333,1.462,1.77
BK201397,2020,27,59,m,36,3.541,3.677,5.956,6,13,0.15,1.424333,1.457667
BK201402,2020,41,60,m,36,3.484,3.592,5.659,5,14,0.1463333,1.716333,1.795
BK201519,2020,41,37,m,15,2.092,2.516,3.133,4,13,0.1326667,0.733,0.793
BK201557,2020,41,55,m,32,3.667,3.933,4.474,7,13,0.106,1.249667,1.275667
BK201558,2020,41,55,m,35,3.508,3.627,6.234,6,12,0.2036667,1.167333,1.210333
BK201563,2020,41,62,m,41,3.791,4.315,5.294,6,13,0.263,1.487,1.556333
BK201564,2020,41,61,m,35,4.065,4.492,6.331,4,15,0.1703333,1.601333,1.675667
BK201569,2020,41,56,f,36,3.081,2.975,4.465,4,13,0.21,1.128667,1.266
BK201570,2020,41,63,m,31,4.082,3.975,7.009,4,14,0.191,1.639667,1.711
BK201572,2020,41,56,m,39,3.548,3.981,5.599,5,13,0.2136667,1.222,1.365333
BK201573,2020,41,65,m,37,3.916,4.338,5.981,4,13,0.236,1.293,1.396667
BK201580,2020,41,60,f,47,3.341,3.924,5.053,5,13,0.256,1.030667,1.045667
BK201581,2020,41,58,m,34,4.069,4.076,4.944,6,NA,NA,NA,NA
BK201583,2020,41,59,f,47,3.931,4.241,5.834,5,14,0.1543333,1.024,1.285667
BK201584,2020,41,59,m,40,4.03,4.117,6.237,6,13,0.187,1.311,1.384
BK201586,2020,41,67,m,45,3.78,3.747,5.391,6,13,0.2093333,1.814333,1.765
BK201590,2020,41,59,m,35,3.311,3.651,5.712,5,15,0.186,1.308,1.427667
BK201591,2020,41,56,f,33,3.366,3.536,4.12,6,13,0.2366667,1.040667,0.9606667
BK201593,2020,41,63,f,40,4.076,4.221,6.248,5,16,0.214,1.288,1.321667
BK201597,2020,41,65,f,43,3.711,4.43,6.414,4,13,0.2223333,1.359667,1.361333
BK201598,2020,41,56,m,32,3.524,3.555,4.057,6,NA,NA,NA,NA
BK201601,2020,44,59,f,37,3.209,3.66,5.919,4,12,0.226,1.165667,1.283
BK201760,2020,44,61,m,41,3.649,4.598,6.993,5,14,0.1813333,1.645667,1.681667
BK201764,2020,44,55,m,33,3.686,4.079,5.46,4,10,0.1973333,1.064333,1.239333
BK201766,2020,44,62,f,39,3.395,3.665,5.67,5,13,0.1953333,1.290667,1.231667
BK201767,2020,44,75,f,58,3.941,4.644,3.347,5,12,0.2046667,1.336667,1.072333
BK201768,2020,44,59,NA,NA,3.832,4.202,6.04,4,13,0.1946667,1.564333,1.545
BK201769,2020,44,67,f,46,3.749,4.183,6.494,6,13,0.139,1.518333,1.543667
BK201770,2020,44,73,f,52,4.952,5.024,7.099,5,14,0.213,1.505667,1.565
BK201772,2020,44,60,f,39,3.731,4.2,5.673,7,14,0.1673333,1.223333,1.348667
BK201774,2020,44,66,f,44,4.279,4.766,5.719,5,13,0.21,1.317667,1.401667
BK201777,2020,44,60,f,37,3.838,3.67,6.116,4,13,0.196,1.324333,1.273
BK201778,2020,44,58,m,35,3.804,4.216,6.639,6,13,0.1066667,1.236667,1.372667
BK201780,2020,44,60,m,37,3.879,4.126,4.441,4,14,0.1716667,1.392,1.434
BK201785,2020,44,62,f,40,3.151,3.478,5.347,3,14,0.1263333,1.169,1.17
BK201786,2020,44,48,m,38,NA,NA,NA,NA,NA,NA,NA,NA
BK201787,2020,44,54,m,34,3.939,3.945,4.854,6,13,0.177,1.239667,1.271333
BK201792,2020,44,50,m,32,3.111,3.017,4.743,6,14,0.1243333,1.109667,1.250333
BK201805,2020,135,43,f,25,3.602,3.689,5.276,4,11,0.163,0.8146667,0.883
BK201812,2020,135,45,f,26,3.299,3.338,4.179,3,14,0.1363333,0.9763333,1.04
BK201840,2020,135,42,m,22,2.961,3.009,4.609,4,13,0.14,1.037,1.000667
BK201854,2020,135,61,m,39,3.718,3.217,5.841,5,15,0.2803333,1.537333,1.646333
BK201876,2020,135,53,m,28,3.77,4.378,5.979,5,13,0.16,1.345667,1.378667
BK201881,2020,135,61,m,37,3.372,3.346,6.375,4,12,0.2363333,1.488667,1.449333
BK201891,2020,135,66,f,45,5.033,5.209,6.675,4,14,0.1946667,1.384,1.403667
BK201907,2020,135,45,m,30,2.939,2.958,5.034,6,15,0.204,1.032,1.105667
BK201908,2020,135,48,m,26,3.537,3.844,4.459,5,12,0.1396667,1.029333,1.083
BK201912,2020,135,46,f,27,3.301,3.836,4.923,5,13,0.1326667,0.809,0.8903333
BK201945,2020,135,48,f,29,3.641,3.623,5.775,4,13,0.1223333,1.075333,1.090333
BK201954,2020,135,50,m,32,NA,NA,NA,NA,NA,NA,NA,NA
BK201962,2020,135,60,f,34,4.447,4.469,6.545,6,14,0.2003333,1.625667,1.486333
BK201967,2020,135,62,f,45,NA,NA,NA,NA,NA,NA,NA,NA
BK201974,2020,135,55,NA,NA,3.205,3.645,5.001,5,13,0.25,1.672333,1.638
BK201979,2020,135,60,m,38,3.995,4.087,6.486,5,NA,NA,NA,NA
BK201980,2020,135,55,m,37,4.197,4.246,6.302,4,14,0.1673333,1.220333,1.375333
BK201983,2020,135,58,m,38,3.803,4.274,6.16,4,13,0.209,1.451333,1.608333
BK201990,2020,135,53,m,35,3.486,3.929,5.009,6,12,0.145,1.173333,1.384333
BK201999,2020,135,58,m,35,3.555,3.662,4.505,5,13,0.228,1.654,1.755333
BK202001,2020,DN,49,m,29,2.951,3.366,4.648,4,13,0.1523333,1.073,1.093333
BK202003,2020,DN,46,m,26,3.013,3.176,4.585,4,14,0.1453333,1.01,0.8993333
BK202052,2020,DN,50,f,29,3.02,3.297,5.544,5,14,0.127,1.145333,1.151
BK202060,2020,DN,59,m,35,3.781,4.096,5.918,4,12,0.261,1.315667,1.202
BK202066,2020,DN,51,m,32,3.661,4.045,5.994,5,7,0.1673333,0.7893333,1.085667
BK202067,2020,DN,51,f,32,3.386,3.554,5.5,5,12,0.153,0.856,0.934
BK202068,2020,DN,64,f,42,3.996,4.579,6.82,6,10,0.159,1.031667,1.159333
BK202073,2020,DN,61,f,44,4.409,4.756,6.419,6,13,0.2,0.971,1.432
BK202082,2020,DN,59,f,38,4.619,4.784,6.273,5,11,0.1823333,1.479333,1.506667
BK202086,2020,DN,68,f,48,5.118,5.513,7.442,4,14,0.197,1.563,1.668333
BK202089,2020,DN,62,f,40,3.564,3.793,4.903,5,12,0.2096667,1.377333,1.452667
BK202102,2020,DN,60,f,40,4.471,4.437,5.454,6,14,0.207,1.032333,1.099667
BK202106,2020,DN,51,m,37,2.757,3.211,3.763,4,14,0.1806667,0.9243333,1.095667
BK202112,2020,DN,60,m,32,3.244,3.896,5.747,5,13,0.192,1.616333,1.726
BK202113,2020,DN,73,f,49,4.918,4.977,7.964,5,12,0.258,1.563667,1.555333
BK202146,2020,DN,53,m,32,3.494,3.854,5.934,5,13,0.185,1.169333,1.224333
BK202168,2020,DN,35,m,15,2.283,2.492,3.675,3,NA,NA,NA,NA
BK202172,2020,DN,42,m,25,3.222,2.786,3.56,4,10,0.1223333,0.8986667,0.9123333
BK202190,2020,DN,48,f,23,3.393,3.678,4.758,7,14,0.159,1.312667,1.274333
BK202206,2020,128,40,m,23,3.101,3.231,4.424,5,8,0.1696667,0.9116667,0.836
BK202209,2020,128,41,f,24,2.467,2.742,3.334,5,12,0.133,0.9526667,0.9613333
BK202219,2020,128,45,f,25,3.103,3.455,4.281,5,13,0.1406667,0.929,0.9926667
BK202226,2020,128,41,m,27,3.177,3.598,5.15,6,9,0.1726667,0.9843333,0.9433333
BK202230,2020,128,46,f,27,3.155,3.137,3.375,5,15,0.1516667,1.082333,1.085667
BK202231,2020,128,47,m,27,3.029,3.144,4.497,5,14,0.1373333,1.038667,0.9946667
BK202260,2020,128,64,f,48,3.876,4.447,4.24,4,11,0.2203333,1.298,1.286667
BK202311,2020,128,49,f,35,3.718,3.9,4.514,4,11,0.189,0.9533333,0.937
BK202334,2020,128,43,m,26,3.05,3.18,4.715,6,13,0.15,0.8696667,0.8963333
BK202353,2020,128,52,f,35,3.198,3.546,5.307,4,10,0.154,1.017,1.012333
BK202360,2020,128,70,f,55,4.837,5.526,7.615,6,15,0.1943333,1.493333,1.496
BK202366,2020,128,54,f,40,3.345,3.419,5.224,4,15,0.205,1.161333,1.132
BK202367,2020,128,56,m,37,3.63,3.913,6.18,5,13,0.1873333,1.343,1.418667
BK202372,2020,128,62,f,52,4.211,4.537,4.49,5,13,0.22,1.289667,1.316
BK202383,2020,128,61,f,37,3.816,4.173,6.617,4,9,0.247,1.277333,1.188
BK202384,2020,128,65,f,47,4.46,4.971,6.624,5,14,0.2363333,1.01,1.258
BK202394,2020,128,67,f,47,4.647,5.222,6.799,5,14,0.1823333,1.806,1.827
BK202397,2020,128,62,f,41,4.415,4.697,6,5,NA,NA,NA,NA
BK202413,2020,124,65,m,40,4.062,4.478,6.677,4,14,0.2253333,1.545667,1.336333
BK202433,2020,124,56,m,30,3.77,3.944,6.336,6,12,0.1853333,1.333333,1.473333
BK202434,2020,124,51,m,26,3.75,3.867,5.01,5,13,0.1533333,1.297333,1.202
BK202440,2020,124,60,m,35,3.746,3.886,4.561,5,13,0.1986667,1.179667,1.343
BK202444,2020,124,63,m,35,3.527,4.276,6.32,5,14,0.2403333,1.550333,1.484333
BK202450,2020,124,60,m,37,NA,NA,NA,NA,NA,NA,NA,NA
BK202456,2020,124,44,f,25,2.656,3.018,4.042,3,13,0.175,1.072333,1.096667
BK202457,2020,124,46,f,28,2.883,3.39,5.04,4,13,0.1293333,1.031333,1.104333
BK202458,2020,124,47,NA,NA,3.125,3.414,5.646,6,NA,NA,NA,NA
BK202499,2020,124,41,m,22,3.057,3.454,3.49,5,12,0.133,0.832,0.8553333
BK202511,2020,124,43,m,24,2.82,3.226,4.188,5,NA,NA,NA,NA
BK202514,2020,124,47,f,27,3.387,3.986,5.53,6,NA,NA,NA,NA
BK202520,2020,124,40,f,21,2.668,3.05,4.027,5,NA,NA,NA,NA
BK202539,2020,124,47,m,30,3.08,3.635,5.284,6,NA,NA,NA,NA
BK202555,2020,124,54,m,32,3.801,3.996,5.97,5,12,0.195,1.377667,1.442667
BK202585,2020,124,59,m,37,3.497,4.092,5.316,6,14,0.177,1.303667,1.440333
BK202586,2020,124,64,m,35,3.908,3.947,6.749,9,NA,NA,NA,NA
BK202588,2020,124,65,f,47,3.997,4.057,6.804,6,NA,NA,NA,NA
BK202590,2020,124,65,f,39,4.317,1.98,5.51,3,13,0.1316667,1.118667,1.276667
BK202593,2020,124,67,f,50,3.624,3.95,6.115,4,14,0.1783333,1.056333,1.220667